"DATE","TOTAL_CASES","NEW_CASES","Region"
2020-03-12,0,0,"Knox County"
2020-03-13,0,0,"Knox County"
2020-03-14,0,0,"Knox County"
2020-03-15,0,0,"Knox County"
2020-03-16,0,0,"Knox County"
2020-03-17,0,0,"Knox County"
2020-03-18,0,0,"Knox County"
2020-03-19,0,0,"Knox County"
2020-03-20,0,0,"Knox County"
2020-03-21,0,0,"Knox County"
2020-03-22,0,0,"Knox County"
2020-03-23,0,0,"Knox County"
2020-03-24,2,2,"Knox County"
2020-03-25,2,0,"Knox County"
2020-03-26,2,0,"Knox County"
2020-03-27,2,0,"Knox County"
2020-03-28,2,0,"Knox County"
2020-03-29,3,1,"Knox County"
2020-03-30,3,0,"Knox County"
2020-03-31,3,0,"Knox County"
2020-04-01,3,0,"Knox County"
2020-04-02,5,2,"Knox County"
2020-04-03,5,0,"Knox County"
2020-04-04,5,0,"Knox County"
2020-04-05,5,0,"Knox County"
2020-04-06,5,0,"Knox County"
2020-04-07,5,0,"Knox County"
2020-04-08,5,0,"Knox County"
2020-04-09,5,0,"Knox County"
2020-04-10,5,0,"Knox County"
2020-04-11,5,0,"Knox County"
2020-04-12,5,0,"Knox County"
2020-04-13,5,0,"Knox County"
2020-04-14,5,0,"Knox County"
2020-04-15,7,2,"Knox County"
2020-04-16,8,1,"Knox County"
2020-04-17,8,0,"Knox County"
2020-04-18,8,0,"Knox County"
2020-04-19,8,0,"Knox County"
2020-04-20,9,1,"Knox County"
2020-04-21,9,0,"Knox County"
2020-04-22,9,0,"Knox County"
2020-04-23,9,0,"Knox County"
2020-04-24,9,0,"Knox County"
2020-04-25,9,0,"Knox County"
2020-04-26,9,0,"Knox County"
2020-04-27,9,0,"Knox County"
2020-04-28,10,1,"Knox County"
2020-04-29,11,1,"Knox County"
2020-04-30,12,1,"Knox County"
2020-05-01,14,2,"Knox County"
2020-05-02,14,0,"Knox County"
2020-05-03,14,0,"Knox County"
2020-05-04,14,0,"Knox County"
2020-05-05,15,1,"Knox County"
2020-05-06,15,0,"Knox County"
2020-05-07,15,0,"Knox County"
2020-05-08,15,0,"Knox County"
2020-05-09,15,0,"Knox County"
2020-05-10,16,1,"Knox County"
2020-05-11,16,0,"Knox County"
2020-05-12,17,1,"Knox County"
2020-05-13,17,0,"Knox County"
2020-05-14,18,1,"Knox County"
2020-05-15,18,0,"Knox County"
2020-05-16,18,0,"Knox County"
2020-05-17,18,0,"Knox County"
2020-05-18,20,2,"Knox County"
2020-05-19,20,0,"Knox County"
2020-05-20,21,1,"Knox County"
2020-05-21,21,0,"Knox County"
2020-05-22,21,0,"Knox County"
2020-05-23,21,0,"Knox County"
2020-05-24,21,0,"Knox County"
2020-05-25,21,0,"Knox County"
2020-05-26,21,0,"Knox County"
2020-05-27,21,0,"Knox County"
2020-05-28,22,1,"Knox County"
2020-05-29,24,2,"Knox County"
2020-05-30,24,0,"Knox County"
2020-05-31,26,2,"Knox County"
2020-06-01,29,3,"Knox County"
2020-06-02,33,4,"Knox County"
2020-06-03,34,1,"Knox County"
2020-06-04,37,3,"Knox County"
2020-06-05,45,8,"Knox County"
2020-06-06,47,2,"Knox County"
2020-06-07,49,2,"Knox County"
2020-06-08,49,0,"Knox County"
2020-06-09,52,3,"Knox County"
2020-06-10,54,2,"Knox County"
2020-06-11,55,1,"Knox County"
2020-06-12,57,2,"Knox County"
2020-06-13,58,1,"Knox County"
2020-06-14,59,1,"Knox County"
2020-06-15,60,1,"Knox County"
2020-06-16,60,0,"Knox County"
2020-06-17,62,2,"Knox County"
2020-06-18,65,3,"Knox County"
2020-06-19,69,4,"Knox County"
2020-06-20,71,2,"Knox County"
2020-06-21,72,1,"Knox County"
2020-06-22,76,4,"Knox County"
2020-06-23,79,3,"Knox County"
2020-06-24,81,2,"Knox County"
2020-06-25,84,3,"Knox County"
2020-06-26,87,3,"Knox County"
2020-06-27,89,2,"Knox County"
2020-06-28,89,0,"Knox County"
2020-06-29,91,2,"Knox County"
2020-06-30,94,3,"Knox County"
2020-07-01,98,4,"Knox County"
2020-07-02,102,4,"Knox County"
2020-07-03,109,7,"Knox County"
2020-07-04,109,0,"Knox County"
2020-07-05,116,7,"Knox County"
2020-07-06,120,4,"Knox County"
2020-07-07,122,2,"Knox County"
2020-07-08,130,8,"Knox County"
2020-07-09,136,6,"Knox County"
2020-07-10,142,6,"Knox County"
2020-07-11,143,1,"Knox County"
2020-07-12,149,6,"Knox County"
2020-07-13,158,9,"Knox County"
2020-07-14,162,4,"Knox County"
2020-07-15,165,3,"Knox County"
2020-07-16,190,25,"Knox County"
2020-07-17,199,9,"Knox County"
2020-07-18,206,7,"Knox County"
2020-07-19,213,7,"Knox County"
2020-07-20,218,5,"Knox County"
2020-07-21,265,47,"Knox County"
2020-07-22,269,4,"Knox County"
2020-07-23,289,20,"Knox County"
2020-07-24,299,10,"Knox County"
2020-07-25,318,19,"Knox County"
2020-07-26,326,8,"Knox County"
2020-07-27,336,10,"Knox County"
2020-07-28,358,22,"Knox County"
2020-07-29,363,5,"Knox County"
2020-07-30,376,13,"Knox County"
2020-07-31,385,9,"Knox County"
2020-08-01,405,20,"Knox County"
2020-08-02,421,16,"Knox County"
2020-08-03,426,5,"Knox County"
2020-08-04,436,10,"Knox County"
2020-08-05,448,12,"Knox County"
2020-08-06,466,18,"Knox County"
2020-08-07,471,5,"Knox County"
2020-08-08,488,17,"Knox County"
2020-08-09,501,13,"Knox County"
2020-08-10,504,3,"Knox County"
2020-08-11,514,10,"Knox County"
2020-08-12,520,6,"Knox County"
2020-08-13,540,20,"Knox County"
2020-08-14,544,4,"Knox County"
2020-08-15,559,15,"Knox County"
2020-08-16,573,14,"Knox County"
2020-08-17,578,5,"Knox County"
2020-08-18,592,14,"Knox County"
2020-08-19,596,4,"Knox County"
2020-08-20,611,15,"Knox County"
2020-08-21,616,5,"Knox County"
2020-08-22,641,25,"Knox County"
2020-08-23,660,19,"Knox County"
2020-08-24,670,10,"Knox County"
2020-08-25,679,9,"Knox County"
2020-08-26,690,11,"Knox County"
2020-08-27,700,10,"Knox County"
2020-08-28,715,15,"Knox County"
2020-08-29,739,24,"Knox County"
2020-08-30,751,12,"Knox County"
2020-08-31,768,17,"Knox County"
2020-09-01,801,33,"Knox County"
2020-09-02,832,31,"Knox County"
2020-09-03,863,31,"Knox County"
2020-09-04,881,18,"Knox County"
2020-09-05,947,66,"Knox County"
2020-09-06,974,27,"Knox County"
2020-09-07,986,12,"Knox County"
2020-09-08,1014,28,"Knox County"
2020-09-09,1037,23,"Knox County"
2020-09-10,1066,29,"Knox County"
2020-09-11,1085,19,"Knox County"
2020-09-12,1117,32,"Knox County"
2020-09-13,1149,32,"Knox County"
2020-09-14,1173,24,"Knox County"
2020-09-15,1205,32,"Knox County"
2020-09-16,1217,12,"Knox County"
2020-09-17,1238,21,"Knox County"
2020-09-18,1261,23,"Knox County"
2020-09-19,1284,23,"Knox County"
2020-09-20,1302,18,"Knox County"
2020-09-21,1306,4,"Knox County"
2020-09-22,1319,13,"Knox County"
2020-09-23,1328,9,"Knox County"
2020-09-24,1346,18,"Knox County"
2020-09-25,1365,19,"Knox County"
2020-09-26,1389,24,"Knox County"
2020-09-27,1399,10,"Knox County"
2020-09-28,1406,7,"Knox County"
2020-09-29,1415,9,"Knox County"
2020-09-30,1431,16,"Knox County"
2020-10-01,1440,9,"Knox County"
2020-10-02,1446,6,"Knox County"
2020-10-03,1456,10,"Knox County"
2020-10-04,1465,9,"Knox County"
2020-10-05,1478,13,"Knox County"
2020-10-06,1495,17,"Knox County"
2020-10-07,1505,10,"Knox County"
2020-10-08,1512,7,"Knox County"
2020-10-09,1530,18,"Knox County"
2020-10-10,1560,30,"Knox County"
2020-10-11,1575,15,"Knox County"
2020-10-12,1583,8,"Knox County"
2020-10-13,1586,3,"Knox County"
2020-10-14,1608,22,"Knox County"
2020-10-15,1611,3,"Knox County"
2020-10-16,1616,5,"Knox County"
2020-10-17,1626,10,"Knox County"
2020-10-18,1651,25,"Knox County"
2020-10-19,1665,14,"Knox County"
2020-10-20,1677,12,"Knox County"
2020-10-21,1684,7,"Knox County"
2020-10-22,1702,18,"Knox County"
2020-10-23,1716,14,"Knox County"
2020-10-24,1739,23,"Knox County"
2020-10-25,1758,19,"Knox County"
2020-10-26,1767,9,"Knox County"
2020-10-27,1778,11,"Knox County"
2020-10-28,1794,16,"Knox County"
2020-10-29,1808,14,"Knox County"
2020-10-30,1819,11,"Knox County"
2020-10-31,1819,0,"Knox County"
2020-11-01,1849,30,"Knox County"
2020-11-02,1867,18,"Knox County"
2020-11-03,1898,31,"Knox County"
2020-11-04,1917,19,"Knox County"
2020-11-05,1940,23,"Knox County"
2020-11-06,1958,18,"Knox County"
2020-11-07,1979,21,"Knox County"
2020-11-08,1998,19,"Knox County"
2020-11-09,2010,12,"Knox County"
2020-11-10,2021,11,"Knox County"
2020-11-11,2038,17,"Knox County"
2020-11-12,2054,16,"Knox County"
2020-11-13,2074,20,"Knox County"
2020-11-14,2104,30,"Knox County"
2020-11-15,2126,22,"Knox County"
2020-11-16,2155,29,"Knox County"
2020-11-17,2181,26,"Knox County"
2020-11-18,2199,18,"Knox County"
2020-11-19,2223,24,"Knox County"
2020-11-20,2249,26,"Knox County"
2020-11-21,2272,23,"Knox County"
2020-11-22,2292,20,"Knox County"
2020-11-23,2314,22,"Knox County"
2020-11-24,2333,19,"Knox County"
2020-11-25,2369,36,"Knox County"
2020-11-26,2395,26,"Knox County"
2020-11-27,2415,20,"Knox County"
2020-11-28,2449,34,"Knox County"
2020-11-29,2468,19,"Knox County"
2020-11-30,2523,55,"Knox County"
2020-12-01,2568,45,"Knox County"
2020-12-02,2594,26,"Knox County"
2020-12-03,2646,52,"Knox County"
2020-12-04,2690,44,"Knox County"
2020-12-05,2721,31,"Knox County"
2020-12-06,2766,45,"Knox County"
2020-12-07,2798,32,"Knox County"
2020-12-08,2847,49,"Knox County"
2020-12-09,2898,51,"Knox County"
2020-12-10,2957,59,"Knox County"
2020-12-11,3023,66,"Knox County"
2020-12-12,3069,46,"Knox County"
2020-12-13,3151,82,"Knox County"
2020-12-14,3212,61,"Knox County"
2020-12-15,3293,81,"Knox County"
2020-12-16,3355,62,"Knox County"
2020-12-17,3457,102,"Knox County"
2020-12-18,3515,58,"Knox County"
2020-12-19,3580,65,"Knox County"
2020-12-20,3624,44,"Knox County"
2020-12-21,3681,57,"Knox County"
2020-12-22,3726,45,"Knox County"
2020-12-23,3770,44,"Knox County"
2020-12-24,3797,27,"Knox County"
2020-12-25,3831,34,"Knox County"
2020-12-26,3858,27,"Knox County"
2020-12-27,3881,23,"Knox County"
2020-12-28,3895,14,"Knox County"
2020-12-29,3962,67,"Knox County"
2020-12-30,3991,29,"Knox County"
2020-12-31,4057,66,"Knox County"
2021-01-01,4085,28,"Knox County"
2021-01-02,4124,39,"Knox County"
2021-01-03,4156,32,"Knox County"
2021-01-04,4190,34,"Knox County"
2021-01-05,4250,60,"Knox County"
2021-01-06,4311,61,"Knox County"
2021-01-07,4342,31,"Knox County"
2021-01-08,4385,43,"Knox County"
2021-01-09,4448,63,"Knox County"
2021-01-10,4491,43,"Knox County"
2021-01-11,4525,34,"Knox County"
2021-01-12,4555,30,"Knox County"
2021-01-13,4595,40,"Knox County"
2021-01-14,4652,57,"Knox County"
2021-01-15,4678,26,"Knox County"
2021-01-16,4743,65,"Knox County"
2021-01-17,4762,19,"Knox County"
2021-01-18,4782,20,"Knox County"
2021-01-19,4816,34,"Knox County"
2021-01-20,4853,37,"Knox County"
2021-01-21,4889,36,"Knox County"
2021-01-22,4925,36,"Knox County"
2021-01-23,4980,55,"Knox County"
2021-01-24,5012,32,"Knox County"
2021-01-25,5045,33,"Knox County"
2021-01-26,5082,37,"Knox County"
2021-01-27,5105,23,"Knox County"
2021-01-28,5141,36,"Knox County"
2021-01-29,5154,13,"Knox County"
2021-01-30,5192,38,"Knox County"
2021-01-31,5217,25,"Knox County"
2021-02-01,5240,23,"Knox County"
2021-02-02,5259,19,"Knox County"
2021-02-03,5297,38,"Knox County"
2021-02-04,5337,40,"Knox County"
2021-02-05,5361,24,"Knox County"
2021-02-06,5418,57,"Knox County"
2021-02-07,5439,21,"Knox County"
2021-02-08,5459,20,"Knox County"
2021-02-09,5498,39,"Knox County"
2021-02-10,5525,27,"Knox County"
2021-02-11,5559,34,"Knox County"
2021-02-12,5590,31,"Knox County"
2021-02-13,5602,12,"Knox County"
2021-02-14,5623,21,"Knox County"
2021-02-15,5635,12,"Knox County"
2021-02-16,5655,20,"Knox County"
2021-02-17,5677,22,"Knox County"
2021-02-18,5709,32,"Knox County"
2021-02-19,5723,14,"Knox County"
2021-02-20,5743,20,"Knox County"
2021-02-21,5753,10,"Knox County"
2021-02-22,5764,11,"Knox County"
2021-02-23,5783,19,"Knox County"
2021-02-24,5799,16,"Knox County"
2021-02-25,5816,17,"Knox County"
2021-02-26,5840,24,"Knox County"
2021-02-27,5849,9,"Knox County"
2021-02-28,5856,7,"Knox County"
2021-03-01,5865,9,"Knox County"
2021-03-02,5873,8,"Knox County"
2021-03-03,5877,4,"Knox County"
2021-03-04,5890,13,"Knox County"
2021-03-05,5903,13,"Knox County"
2021-03-06,5929,26,"Knox County"
2021-03-07,5941,12,"Knox County"
2021-03-08,5958,17,"Knox County"
2021-03-09,5970,12,"Knox County"
2021-03-10,5981,11,"Knox County"
2021-03-11,5991,10,"Knox County"
2021-03-12,5998,7,"Knox County"
2021-03-13,6014,16,"Knox County"
2021-03-14,6021,7,"Knox County"
2021-03-15,6028,7,"Knox County"
2021-03-16,6042,14,"Knox County"
2021-03-17,6045,3,"Knox County"
2021-03-18,6053,8,"Knox County"
2021-03-19,6074,21,"Knox County"
2021-03-20,6089,15,"Knox County"
2021-03-21,6094,5,"Knox County"
2021-03-22,6118,24,"Knox County"
2021-03-23,6133,15,"Knox County"
2021-03-24,6152,19,"Knox County"
2021-03-25,6160,8,"Knox County"
2021-03-26,6176,16,"Knox County"
2021-03-27,6182,6,"Knox County"
2021-03-28,6197,15,"Knox County"
2021-03-29,6201,4,"Knox County"
2021-03-30,6210,9,"Knox County"
2021-03-31,6221,11,"Knox County"
2021-04-01,6231,10,"Knox County"
2021-04-02,6239,8,"Knox County"
2021-04-03,6247,8,"Knox County"
2021-04-04,6252,5,"Knox County"
2021-04-05,6261,9,"Knox County"
2021-04-06,6271,10,"Knox County"
2021-04-07,6282,11,"Knox County"
2021-04-08,6293,11,"Knox County"
2021-04-09,6300,7,"Knox County"
2021-04-10,6311,11,"Knox County"
2021-04-11,6316,5,"Knox County"
2021-04-12,6324,8,"Knox County"
2021-04-13,6337,13,"Knox County"
2021-04-14,6346,9,"Knox County"
2021-04-15,6361,15,"Knox County"
2021-04-16,6412,51,"Knox County"
2021-04-17,6415,3,"Knox County"
2021-04-18,6419,4,"Knox County"
2021-04-19,6426,7,"Knox County"
2021-04-20,6435,9,"Knox County"
2021-04-21,6444,9,"Knox County"
2021-04-22,6461,17,"Knox County"
2021-04-23,6468,7,"Knox County"
2021-04-24,6473,5,"Knox County"
2021-04-25,6478,5,"Knox County"
2021-04-26,6485,7,"Knox County"
2021-04-27,6490,5,"Knox County"
2021-04-28,6501,11,"Knox County"
2021-04-29,6515,14,"Knox County"
2021-04-30,6522,7,"Knox County"
2021-05-01,6530,8,"Knox County"
2021-05-02,6532,2,"Knox County"
2021-05-03,6535,3,"Knox County"
2021-05-04,6540,5,"Knox County"
2021-05-05,6547,7,"Knox County"
2021-05-06,6553,6,"Knox County"
2021-05-07,6563,10,"Knox County"
2021-05-08,6567,4,"Knox County"
2021-05-09,6569,2,"Knox County"
2021-05-10,6573,4,"Knox County"
2021-05-11,6577,4,"Knox County"
2021-05-12,6583,6,"Knox County"
2021-05-13,6589,6,"Knox County"
2021-05-14,6594,5,"Knox County"
2021-05-15,6598,4,"Knox County"
2021-05-16,6599,1,"Knox County"
2021-05-17,6600,1,"Knox County"
2021-05-18,6605,5,"Knox County"
2021-05-19,6607,2,"Knox County"
2021-05-20,6614,7,"Knox County"
2021-05-21,6616,2,"Knox County"
2021-05-22,6618,2,"Knox County"
2021-05-23,6621,3,"Knox County"
2021-05-24,6623,2,"Knox County"
2021-05-25,6625,2,"Knox County"
2021-05-26,6625,0,"Knox County"
2021-05-27,6629,4,"Knox County"
2021-05-28,6629,0,"Knox County"
2021-05-29,6630,1,"Knox County"
2021-05-30,6630,0,"Knox County"
2021-05-31,6631,1,"Knox County"
2021-06-01,6632,1,"Knox County"
2021-06-02,6635,3,"Knox County"
2021-06-03,6635,0,"Knox County"
2021-06-04,6638,3,"Knox County"
2021-06-05,6639,1,"Knox County"
2021-06-06,6640,1,"Knox County"
2021-06-07,6641,1,"Knox County"
2021-06-08,6642,1,"Knox County"
2021-06-09,6642,0,"Knox County"
2021-06-10,6642,0,"Knox County"
2021-06-11,6642,0,"Knox County"
2021-06-12,6642,0,"Knox County"
2021-06-13,6642,0,"Knox County"
2021-06-14,6643,1,"Knox County"
2021-06-15,6643,0,"Knox County"
2021-06-16,6643,0,"Knox County"
2021-06-17,6644,1,"Knox County"
2021-06-18,6644,0,"Knox County"
2021-06-19,6644,0,"Knox County"
2021-06-20,6644,0,"Knox County"
2021-06-21,6646,2,"Knox County"
2021-06-22,6649,3,"Knox County"
2021-06-23,6652,3,"Knox County"
2021-06-24,6654,2,"Knox County"
2021-06-25,6659,5,"Knox County"
2021-06-26,6660,1,"Knox County"
2021-06-27,6660,0,"Knox County"
2021-06-28,6661,1,"Knox County"
2021-06-29,6663,2,"Knox County"
2021-06-30,6667,4,"Knox County"
2021-07-01,6672,5,"Knox County"
2021-07-02,6675,3,"Knox County"
2021-07-03,6677,2,"Knox County"
2021-07-04,6678,1,"Knox County"
2021-07-05,6680,2,"Knox County"
2021-07-06,6683,3,"Knox County"
2021-07-07,6684,1,"Knox County"
2021-07-08,6689,5,"Knox County"
2021-07-09,6693,4,"Knox County"
2021-07-10,6696,3,"Knox County"
2021-07-11,6696,0,"Knox County"
2021-07-12,6699,3,"Knox County"
2021-07-13,6706,7,"Knox County"
2021-07-14,6707,1,"Knox County"
2021-07-15,6711,4,"Knox County"
2021-07-16,6713,2,"Knox County"
2021-07-17,6718,5,"Knox County"
2021-07-18,6728,10,"Knox County"
2021-07-19,6738,10,"Knox County"
2021-07-20,6751,13,"Knox County"
2021-07-21,6761,10,"Knox County"
2021-07-22,6784,23,"Knox County"
2021-07-23,6796,12,"Knox County"
2021-07-24,6806,10,"Knox County"
2021-07-25,6814,8,"Knox County"
2021-07-26,6825,11,"Knox County"
2021-07-27,6846,21,"Knox County"
2021-07-28,6868,22,"Knox County"
2021-07-29,6882,14,"Knox County"
2021-07-30,6898,16,"Knox County"
2021-07-31,6916,18,"Knox County"
2021-08-01,6929,13,"Knox County"
2021-08-02,6938,9,"Knox County"
2021-08-03,6974,36,"Knox County"
2021-08-04,7002,28,"Knox County"
2021-08-05,7022,20,"Knox County"
2021-08-06,7045,23,"Knox County"
2021-08-07,7058,13,"Knox County"
2021-08-08,7071,13,"Knox County"
2021-08-09,7114,43,"Knox County"
2021-08-10,7146,32,"Knox County"
2021-08-11,7187,41,"Knox County"
2021-08-12,7232,45,"Knox County"
2021-08-13,7285,53,"Knox County"
2021-08-14,7315,30,"Knox County"
2021-08-15,7359,44,"Knox County"
2021-08-16,7393,34,"Knox County"
2021-08-17,7456,63,"Knox County"
2021-08-18,7527,71,"Knox County"
2021-08-19,7656,129,"Knox County"
2021-08-20,7787,131,"Knox County"
2021-08-21,7941,154,"Knox County"
2021-08-22,7997,56,"Knox County"
2021-08-23,8107,110,"Knox County"
2021-08-24,8236,129,"Knox County"
2021-08-25,8369,133,"Knox County"
2021-08-26,8526,157,"Knox County"
2021-08-27,8709,183,"Knox County"
2021-08-28,8885,176,"Knox County"
2021-08-29,9046,161,"Knox County"
2021-08-30,9230,184,"Knox County"
2021-08-31,9452,222,"Knox County"
2021-09-01,9561,109,"Knox County"
2021-09-02,9655,94,"Knox County"
2021-09-03,9764,109,"Knox County"
2021-09-04,9953,189,"Knox County"
2021-09-05,10271,318,"Knox County"
2021-09-06,10572,301,"Knox County"
2021-09-07,10668,96,"Knox County"
2021-09-08,10730,62,"Knox County"
2021-09-09,10806,76,"Knox County"
2021-09-10,11062,256,"Knox County"
2021-09-11,11255,193,"Knox County"
2021-09-12,11316,61,"Knox County"
2021-09-13,11429,113,"Knox County"
2021-09-14,11567,138,"Knox County"
2021-09-15,11647,80,"Knox County"
2021-09-16,11767,120,"Knox County"
2021-09-17,11896,129,"Knox County"
2021-09-18,11931,35,"Knox County"
2021-09-19,11959,28,"Knox County"
2021-09-20,12045,86,"Knox County"
2021-09-21,12141,96,"Knox County"
2021-09-22,12196,55,"Knox County"
2021-09-23,12266,70,"Knox County"
2021-09-24,12315,49,"Knox County"
2021-09-25,12340,25,"Knox County"
2021-09-26,12365,25,"Knox County"
2021-09-27,12410,45,"Knox County"
2021-09-28,12467,57,"Knox County"
2021-09-29,12538,71,"Knox County"
2021-09-30,12587,49,"Knox County"
2021-10-01,12625,38,"Knox County"
2021-10-02,12638,13,"Knox County"
2021-10-03,12647,9,"Knox County"
2021-10-04,12701,54,"Knox County"
2021-10-05,12728,27,"Knox County"
2021-10-06,12763,35,"Knox County"
2021-10-07,12809,46,"Knox County"
2021-10-08,12870,61,"Knox County"
2021-10-09,12878,8,"Knox County"
2021-10-10,12888,10,"Knox County"
2021-10-11,12924,36,"Knox County"
2021-10-12,12943,19,"Knox County"
2021-10-13,12964,21,"Knox County"
2021-10-14,12989,25,"Knox County"
2021-10-15,12999,10,"Knox County"
2021-10-16,13008,9,"Knox County"
2021-10-17,13021,13,"Knox County"
2021-10-18,13038,17,"Knox County"
2021-10-19,13057,19,"Knox County"
2021-10-20,13082,25,"Knox County"
2021-10-21,13094,12,"Knox County"
2021-10-22,13101,7,"Knox County"
2021-10-23,13108,7,"Knox County"
2021-10-24,13111,3,"Knox County"
2021-10-25,13122,11,"Knox County"
2021-10-26,13138,16,"Knox County"
2021-10-27,13153,15,"Knox County"
2021-10-28,13163,10,"Knox County"
2021-10-29,13180,17,"Knox County"
2021-10-30,13190,10,"Knox County"
2021-10-31,13193,3,"Knox County"
2021-11-01,13208,15,"Knox County"
2021-11-02,13214,6,"Knox County"
2021-11-03,13227,13,"Knox County"
2021-11-04,13235,8,"Knox County"
2020-03-12,0,0,"Anderson"
2020-03-13,0,0,"Anderson"
2020-03-14,0,0,"Anderson"
2020-03-15,0,0,"Anderson"
2020-03-16,0,0,"Anderson"
2020-03-17,0,0,"Anderson"
2020-03-18,0,0,"Anderson"
2020-03-19,0,0,"Anderson"
2020-03-20,0,0,"Anderson"
2020-03-21,0,0,"Anderson"
2020-03-22,0,0,"Anderson"
2020-03-23,0,0,"Anderson"
2020-03-24,0,0,"Anderson"
2020-03-25,0,0,"Anderson"
2020-03-26,0,0,"Anderson"
2020-03-27,0,0,"Anderson"
2020-03-28,0,0,"Anderson"
2020-03-29,0,0,"Anderson"
2020-03-30,0,0,"Anderson"
2020-03-31,0,0,"Anderson"
2020-04-01,0,0,"Anderson"
2020-04-02,0,0,"Anderson"
2020-04-03,0,0,"Anderson"
2020-04-04,0,0,"Anderson"
2020-04-05,0,0,"Anderson"
2020-04-06,0,0,"Anderson"
2020-04-07,0,0,"Anderson"
2020-04-08,0,0,"Anderson"
2020-04-09,0,0,"Anderson"
2020-04-10,0,0,"Anderson"
2020-04-11,0,0,"Anderson"
2020-04-12,0,0,"Anderson"
2020-04-13,0,0,"Anderson"
2020-04-14,0,0,"Anderson"
2020-04-15,0,0,"Anderson"
2020-04-16,0,0,"Anderson"
2020-04-17,0,0,"Anderson"
2020-04-18,0,0,"Anderson"
2020-04-19,0,0,"Anderson"
2020-04-20,0,0,"Anderson"
2020-04-21,0,0,"Anderson"
2020-04-22,0,0,"Anderson"
2020-04-23,0,0,"Anderson"
2020-04-24,0,0,"Anderson"
2020-04-25,0,0,"Anderson"
2020-04-26,0,0,"Anderson"
2020-04-27,0,0,"Anderson"
2020-04-28,0,0,"Anderson"
2020-04-29,0,0,"Anderson"
2020-04-30,0,0,"Anderson"
2020-05-01,0,0,"Anderson"
2020-05-02,0,0,"Anderson"
2020-05-03,0,0,"Anderson"
2020-05-04,0,0,"Anderson"
2020-05-05,0,0,"Anderson"
2020-05-06,0,0,"Anderson"
2020-05-07,0,0,"Anderson"
2020-05-08,0,0,"Anderson"
2020-05-09,0,0,"Anderson"
2020-05-10,0,0,"Anderson"
2020-05-11,0,0,"Anderson"
2020-05-12,0,0,"Anderson"
2020-05-13,0,0,"Anderson"
2020-05-14,0,0,"Anderson"
2020-05-15,0,0,"Anderson"
2020-05-16,0,0,"Anderson"
2020-05-17,0,0,"Anderson"
2020-05-18,0,0,"Anderson"
2020-05-19,0,0,"Anderson"
2020-05-20,0,0,"Anderson"
2020-05-21,0,0,"Anderson"
2020-05-22,0,0,"Anderson"
2020-05-23,0,0,"Anderson"
2020-05-24,0,0,"Anderson"
2020-05-25,0,0,"Anderson"
2020-05-26,0,0,"Anderson"
2020-05-27,0,0,"Anderson"
2020-05-28,0,0,"Anderson"
2020-05-29,0,0,"Anderson"
2020-05-30,0,0,"Anderson"
2020-05-31,0,0,"Anderson"
2020-06-01,0,0,"Anderson"
2020-06-02,0,0,"Anderson"
2020-06-03,0,0,"Anderson"
2020-06-04,0,0,"Anderson"
2020-06-05,0,0,"Anderson"
2020-06-06,0,0,"Anderson"
2020-06-07,0,0,"Anderson"
2020-06-08,0,0,"Anderson"
2020-06-09,0,0,"Anderson"
2020-06-10,0,0,"Anderson"
2020-06-11,0,0,"Anderson"
2020-06-12,0,0,"Anderson"
2020-06-13,1,1,"Anderson"
2020-06-14,1,0,"Anderson"
2020-06-15,1,0,"Anderson"
2020-06-16,1,0,"Anderson"
2020-06-17,1,0,"Anderson"
2020-06-18,1,0,"Anderson"
2020-06-19,1,0,"Anderson"
2020-06-20,1,0,"Anderson"
2020-06-21,1,0,"Anderson"
2020-06-22,1,0,"Anderson"
2020-06-23,1,0,"Anderson"
2020-06-24,1,0,"Anderson"
2020-06-25,2,1,"Anderson"
2020-06-26,2,0,"Anderson"
2020-06-27,2,0,"Anderson"
2020-06-28,2,0,"Anderson"
2020-06-29,3,1,"Anderson"
2020-06-30,3,0,"Anderson"
2020-07-01,3,0,"Anderson"
2020-07-02,4,1,"Anderson"
2020-07-03,4,0,"Anderson"
2020-07-04,5,1,"Anderson"
2020-07-05,7,2,"Anderson"
2020-07-06,7,0,"Anderson"
2020-07-07,9,2,"Anderson"
2020-07-08,11,2,"Anderson"
2020-07-09,13,2,"Anderson"
2020-07-10,13,0,"Anderson"
2020-07-11,13,0,"Anderson"
2020-07-12,14,1,"Anderson"
2020-07-13,14,0,"Anderson"
2020-07-14,14,0,"Anderson"
2020-07-15,14,0,"Anderson"
2020-07-16,15,1,"Anderson"
2020-07-17,16,1,"Anderson"
2020-07-18,17,1,"Anderson"
2020-07-19,19,2,"Anderson"
2020-07-20,25,6,"Anderson"
2020-07-21,29,4,"Anderson"
2020-07-22,31,2,"Anderson"
2020-07-23,36,5,"Anderson"
2020-07-24,36,0,"Anderson"
2020-07-25,42,6,"Anderson"
2020-07-26,46,4,"Anderson"
2020-07-27,49,3,"Anderson"
2020-07-28,57,8,"Anderson"
2020-07-29,58,1,"Anderson"
2020-07-30,62,4,"Anderson"
2020-07-31,64,2,"Anderson"
2020-08-01,65,1,"Anderson"
2020-08-02,65,0,"Anderson"
2020-08-03,67,2,"Anderson"
2020-08-04,69,2,"Anderson"
2020-08-05,71,2,"Anderson"
2020-08-06,74,3,"Anderson"
2020-08-07,74,0,"Anderson"
2020-08-08,74,0,"Anderson"
2020-08-09,75,1,"Anderson"
2020-08-10,76,1,"Anderson"
2020-08-11,77,1,"Anderson"
2020-08-12,78,1,"Anderson"
2020-08-13,79,1,"Anderson"
2020-08-14,79,0,"Anderson"
2020-08-15,81,2,"Anderson"
2020-08-16,83,2,"Anderson"
2020-08-17,85,2,"Anderson"
2020-08-18,89,4,"Anderson"
2020-08-19,91,2,"Anderson"
2020-08-20,92,1,"Anderson"
2020-08-21,92,0,"Anderson"
2020-08-22,93,1,"Anderson"
2020-08-23,93,0,"Anderson"
2020-08-24,93,0,"Anderson"
2020-08-25,94,1,"Anderson"
2020-08-26,95,1,"Anderson"
2020-08-27,95,0,"Anderson"
2020-08-28,95,0,"Anderson"
2020-08-29,97,2,"Anderson"
2020-08-30,102,5,"Anderson"
2020-08-31,103,1,"Anderson"
2020-09-01,105,2,"Anderson"
2020-09-02,108,3,"Anderson"
2020-09-03,114,6,"Anderson"
2020-09-04,115,1,"Anderson"
2020-09-05,118,3,"Anderson"
2020-09-06,120,2,"Anderson"
2020-09-07,120,0,"Anderson"
2020-09-08,122,2,"Anderson"
2020-09-09,127,5,"Anderson"
2020-09-10,137,10,"Anderson"
2020-09-11,137,0,"Anderson"
2020-09-12,137,0,"Anderson"
2020-09-13,138,1,"Anderson"
2020-09-14,139,1,"Anderson"
2020-09-15,140,1,"Anderson"
2020-09-16,142,2,"Anderson"
2020-09-17,152,10,"Anderson"
2020-09-18,154,2,"Anderson"
2020-09-19,154,0,"Anderson"
2020-09-20,155,1,"Anderson"
2020-09-21,156,1,"Anderson"
2020-09-22,156,0,"Anderson"
2020-09-23,156,0,"Anderson"
2020-09-24,159,3,"Anderson"
2020-09-25,164,5,"Anderson"
2020-09-26,169,5,"Anderson"
2020-09-27,172,3,"Anderson"
2020-09-28,173,1,"Anderson"
2020-09-29,173,0,"Anderson"
2020-09-30,175,2,"Anderson"
2020-10-01,177,2,"Anderson"
2020-10-02,179,2,"Anderson"
2020-10-03,180,1,"Anderson"
2020-10-04,181,1,"Anderson"
2020-10-05,185,4,"Anderson"
2020-10-06,188,3,"Anderson"
2020-10-07,188,0,"Anderson"
2020-10-08,189,1,"Anderson"
2020-10-09,192,3,"Anderson"
2020-10-10,193,1,"Anderson"
2020-10-11,194,1,"Anderson"
2020-10-12,194,0,"Anderson"
2020-10-13,196,2,"Anderson"
2020-10-14,206,10,"Anderson"
2020-10-15,209,3,"Anderson"
2020-10-16,212,3,"Anderson"
2020-10-17,216,4,"Anderson"
2020-10-18,223,7,"Anderson"
2020-10-19,223,0,"Anderson"
2020-10-20,231,8,"Anderson"
2020-10-21,234,3,"Anderson"
2020-10-22,239,5,"Anderson"
2020-10-23,239,0,"Anderson"
2020-10-24,239,0,"Anderson"
2020-10-25,241,2,"Anderson"
2020-10-26,241,0,"Anderson"
2020-10-27,244,3,"Anderson"
2020-10-28,252,8,"Anderson"
2020-10-29,257,5,"Anderson"
2020-10-30,259,2,"Anderson"
2020-10-31,259,0,"Anderson"
2020-11-01,260,1,"Anderson"
2020-11-02,268,8,"Anderson"
2020-11-03,273,5,"Anderson"
2020-11-04,273,0,"Anderson"
2020-11-05,276,3,"Anderson"
2020-11-06,282,6,"Anderson"
2020-11-07,291,9,"Anderson"
2020-11-08,296,5,"Anderson"
2020-11-09,297,1,"Anderson"
2020-11-10,298,1,"Anderson"
2020-11-11,303,5,"Anderson"
2020-11-12,303,0,"Anderson"
2020-11-13,319,16,"Anderson"
2020-11-14,329,10,"Anderson"
2020-11-15,346,17,"Anderson"
2020-11-16,351,5,"Anderson"
2020-11-17,351,0,"Anderson"
2020-11-18,356,5,"Anderson"
2020-11-19,361,5,"Anderson"
2020-11-20,364,3,"Anderson"
2020-11-21,370,6,"Anderson"
2020-11-22,379,9,"Anderson"
2020-11-23,379,0,"Anderson"
2020-11-24,379,0,"Anderson"
2020-11-25,381,2,"Anderson"
2020-11-26,387,6,"Anderson"
2020-11-27,407,20,"Anderson"
2020-11-28,411,4,"Anderson"
2020-11-29,423,12,"Anderson"
2020-11-30,427,4,"Anderson"
2020-12-01,440,13,"Anderson"
2020-12-02,441,1,"Anderson"
2020-12-03,446,5,"Anderson"
2020-12-04,457,11,"Anderson"
2020-12-05,461,4,"Anderson"
2020-12-06,463,2,"Anderson"
2020-12-07,475,12,"Anderson"
2020-12-08,487,12,"Anderson"
2020-12-09,509,22,"Anderson"
2020-12-10,523,14,"Anderson"
2020-12-11,529,6,"Anderson"
2020-12-12,540,11,"Anderson"
2020-12-13,568,28,"Anderson"
2020-12-14,590,22,"Anderson"
2020-12-15,600,10,"Anderson"
2020-12-16,608,8,"Anderson"
2020-12-17,653,45,"Anderson"
2020-12-18,668,15,"Anderson"
2020-12-19,683,15,"Anderson"
2020-12-20,701,18,"Anderson"
2020-12-21,707,6,"Anderson"
2020-12-22,716,9,"Anderson"
2020-12-23,725,9,"Anderson"
2020-12-24,732,7,"Anderson"
2020-12-25,748,16,"Anderson"
2020-12-26,755,7,"Anderson"
2020-12-27,759,4,"Anderson"
2020-12-28,760,1,"Anderson"
2020-12-29,768,8,"Anderson"
2020-12-30,769,1,"Anderson"
2020-12-31,791,22,"Anderson"
2021-01-01,795,4,"Anderson"
2021-01-02,803,8,"Anderson"
2021-01-03,807,4,"Anderson"
2021-01-04,811,4,"Anderson"
2021-01-05,819,8,"Anderson"
2021-01-06,826,7,"Anderson"
2021-01-07,839,13,"Anderson"
2021-01-08,850,11,"Anderson"
2021-01-09,868,18,"Anderson"
2021-01-10,874,6,"Anderson"
2021-01-11,880,6,"Anderson"
2021-01-12,884,4,"Anderson"
2021-01-13,888,4,"Anderson"
2021-01-14,909,21,"Anderson"
2021-01-15,913,4,"Anderson"
2021-01-16,925,12,"Anderson"
2021-01-17,931,6,"Anderson"
2021-01-18,933,2,"Anderson"
2021-01-19,937,4,"Anderson"
2021-01-20,942,5,"Anderson"
2021-01-21,948,6,"Anderson"
2021-01-22,955,7,"Anderson"
2021-01-23,962,7,"Anderson"
2021-01-24,962,0,"Anderson"
2021-01-25,962,0,"Anderson"
2021-01-26,967,5,"Anderson"
2021-01-27,968,1,"Anderson"
2021-01-28,982,14,"Anderson"
2021-01-29,983,1,"Anderson"
2021-01-30,991,8,"Anderson"
2021-01-31,992,1,"Anderson"
2021-02-01,993,1,"Anderson"
2021-02-02,993,0,"Anderson"
2021-02-03,997,4,"Anderson"
2021-02-04,1002,5,"Anderson"
2021-02-05,1002,0,"Anderson"
2021-02-06,1009,7,"Anderson"
2021-02-07,1010,1,"Anderson"
2021-02-08,1015,5,"Anderson"
2021-02-09,1016,1,"Anderson"
2021-02-10,1021,5,"Anderson"
2021-02-11,1023,2,"Anderson"
2021-02-12,1028,5,"Anderson"
2021-02-13,1033,5,"Anderson"
2021-02-14,1033,0,"Anderson"
2021-02-15,1034,1,"Anderson"
2021-02-16,1035,1,"Anderson"
2021-02-17,1038,3,"Anderson"
2021-02-18,1041,3,"Anderson"
2021-02-19,1043,2,"Anderson"
2021-02-20,1046,3,"Anderson"
2021-02-21,1049,3,"Anderson"
2021-02-22,1050,1,"Anderson"
2021-02-23,1055,5,"Anderson"
2021-02-24,1063,8,"Anderson"
2021-02-25,1066,3,"Anderson"
2021-02-26,1068,2,"Anderson"
2021-02-27,1070,2,"Anderson"
2021-02-28,1070,0,"Anderson"
2021-03-01,1072,2,"Anderson"
2021-03-02,1076,4,"Anderson"
2021-03-03,1081,5,"Anderson"
2021-03-04,1084,3,"Anderson"
2021-03-05,1090,6,"Anderson"
2021-03-06,1090,0,"Anderson"
2021-03-07,1091,1,"Anderson"
2021-03-08,1092,1,"Anderson"
2021-03-09,1098,6,"Anderson"
2021-03-10,1102,4,"Anderson"
2021-03-11,1107,5,"Anderson"
2021-03-12,1110,3,"Anderson"
2021-03-13,1111,1,"Anderson"
2021-03-14,1112,1,"Anderson"
2021-03-15,1116,4,"Anderson"
2021-03-16,1119,3,"Anderson"
2021-03-17,1124,5,"Anderson"
2021-03-18,1125,1,"Anderson"
2021-03-19,1126,1,"Anderson"
2021-03-20,1131,5,"Anderson"
2021-03-21,1134,3,"Anderson"
2021-03-22,1134,0,"Anderson"
2021-03-23,1135,1,"Anderson"
2021-03-24,1137,2,"Anderson"
2021-03-25,1141,4,"Anderson"
2021-03-26,1144,3,"Anderson"
2021-03-27,1146,2,"Anderson"
2021-03-28,1147,1,"Anderson"
2021-03-29,1152,5,"Anderson"
2021-03-30,1152,0,"Anderson"
2021-03-31,1161,9,"Anderson"
2021-04-01,1163,2,"Anderson"
2021-04-02,1163,0,"Anderson"
2021-04-03,1163,0,"Anderson"
2021-04-04,1163,0,"Anderson"
2021-04-05,1166,3,"Anderson"
2021-04-06,1168,2,"Anderson"
2021-04-07,1170,2,"Anderson"
2021-04-08,1170,0,"Anderson"
2021-04-09,1172,2,"Anderson"
2021-04-10,1173,1,"Anderson"
2021-04-11,1174,1,"Anderson"
2021-04-12,1175,1,"Anderson"
2021-04-13,1176,1,"Anderson"
2021-04-14,1181,5,"Anderson"
2021-04-15,1181,0,"Anderson"
2021-04-16,1184,3,"Anderson"
2021-04-17,1187,3,"Anderson"
2021-04-18,1192,5,"Anderson"
2021-04-19,1193,1,"Anderson"
2021-04-20,1195,2,"Anderson"
2021-04-21,1197,2,"Anderson"
2021-04-22,1203,6,"Anderson"
2021-04-23,1203,0,"Anderson"
2021-04-24,1205,2,"Anderson"
2021-04-25,1205,0,"Anderson"
2021-04-26,1205,0,"Anderson"
2021-04-27,1207,2,"Anderson"
2021-04-28,1211,4,"Anderson"
2021-04-29,1212,1,"Anderson"
2021-04-30,1214,2,"Anderson"
2021-05-01,1214,0,"Anderson"
2021-05-02,1215,1,"Anderson"
2021-05-03,1215,0,"Anderson"
2021-05-04,1215,0,"Anderson"
2021-05-05,1217,2,"Anderson"
2021-05-06,1219,2,"Anderson"
2021-05-07,1219,0,"Anderson"
2021-05-08,1219,0,"Anderson"
2021-05-09,1219,0,"Anderson"
2021-05-10,1220,1,"Anderson"
2021-05-11,1222,2,"Anderson"
2021-05-12,1222,0,"Anderson"
2021-05-13,1222,0,"Anderson"
2021-05-14,1222,0,"Anderson"
2021-05-15,1222,0,"Anderson"
2021-05-16,1224,2,"Anderson"
2021-05-17,1224,0,"Anderson"
2021-05-18,1224,0,"Anderson"
2021-05-19,1225,1,"Anderson"
2021-05-20,1225,0,"Anderson"
2021-05-21,1225,0,"Anderson"
2021-05-22,1225,0,"Anderson"
2021-05-23,1225,0,"Anderson"
2021-05-24,1226,1,"Anderson"
2021-05-25,1226,0,"Anderson"
2021-05-26,1226,0,"Anderson"
2021-05-27,1226,0,"Anderson"
2021-05-28,1227,1,"Anderson"
2021-05-29,1227,0,"Anderson"
2021-05-30,1227,0,"Anderson"
2021-05-31,1231,4,"Anderson"
2021-06-01,1231,0,"Anderson"
2021-06-02,1231,0,"Anderson"
2021-06-03,1231,0,"Anderson"
2021-06-04,1231,0,"Anderson"
2021-06-05,1231,0,"Anderson"
2021-06-06,1231,0,"Anderson"
2021-06-07,1231,0,"Anderson"
2021-06-08,1231,0,"Anderson"
2021-06-09,1231,0,"Anderson"
2021-06-10,1231,0,"Anderson"
2021-06-11,1231,0,"Anderson"
2021-06-12,1231,0,"Anderson"
2021-06-13,1232,1,"Anderson"
2021-06-14,1232,0,"Anderson"
2021-06-15,1232,0,"Anderson"
2021-06-16,1232,0,"Anderson"
2021-06-17,1232,0,"Anderson"
2021-06-18,1232,0,"Anderson"
2021-06-19,1232,0,"Anderson"
2021-06-20,1232,0,"Anderson"
2021-06-21,1232,0,"Anderson"
2021-06-22,1232,0,"Anderson"
2021-06-23,1232,0,"Anderson"
2021-06-24,1232,0,"Anderson"
2021-06-25,1232,0,"Anderson"
2021-06-26,1232,0,"Anderson"
2021-06-27,1232,0,"Anderson"
2021-06-28,1232,0,"Anderson"
2021-06-29,1232,0,"Anderson"
2021-06-30,1232,0,"Anderson"
2021-07-01,1232,0,"Anderson"
2021-07-02,1232,0,"Anderson"
2021-07-03,1232,0,"Anderson"
2021-07-04,1232,0,"Anderson"
2021-07-05,1232,0,"Anderson"
2021-07-06,1232,0,"Anderson"
2021-07-07,1232,0,"Anderson"
2021-07-08,1232,0,"Anderson"
2021-07-09,1232,0,"Anderson"
2021-07-10,1232,0,"Anderson"
2021-07-11,1232,0,"Anderson"
2021-07-12,1232,0,"Anderson"
2021-07-13,1232,0,"Anderson"
2021-07-14,1232,0,"Anderson"
2021-07-15,1232,0,"Anderson"
2021-07-16,1234,2,"Anderson"
2021-07-17,1234,0,"Anderson"
2021-07-18,1234,0,"Anderson"
2021-07-19,1235,1,"Anderson"
2021-07-20,1239,4,"Anderson"
2021-07-21,1239,0,"Anderson"
2021-07-22,1240,1,"Anderson"
2021-07-23,1243,3,"Anderson"
2021-07-24,1244,1,"Anderson"
2021-07-25,1245,1,"Anderson"
2021-07-26,1251,6,"Anderson"
2021-07-27,1254,3,"Anderson"
2021-07-28,1261,7,"Anderson"
2021-07-29,1262,1,"Anderson"
2021-07-30,1275,13,"Anderson"
2021-07-31,1280,5,"Anderson"
2021-08-01,1281,1,"Anderson"
2021-08-02,1284,3,"Anderson"
2021-08-03,1289,5,"Anderson"
2021-08-04,1295,6,"Anderson"
2021-08-05,1303,8,"Anderson"
2021-08-06,1310,7,"Anderson"
2021-08-07,1314,4,"Anderson"
2021-08-08,1316,2,"Anderson"
2021-08-09,1323,7,"Anderson"
2021-08-10,1332,9,"Anderson"
2021-08-11,1349,17,"Anderson"
2021-08-12,1360,11,"Anderson"
2021-08-13,1369,9,"Anderson"
2021-08-14,1387,18,"Anderson"
2021-08-15,1392,5,"Anderson"
2021-08-16,1395,3,"Anderson"
2021-08-17,1405,10,"Anderson"
2021-08-18,1428,23,"Anderson"
2021-08-19,1444,16,"Anderson"
2021-08-20,1465,21,"Anderson"
2021-08-21,1484,19,"Anderson"
2021-08-22,1487,3,"Anderson"
2021-08-23,1508,21,"Anderson"
2021-08-24,1521,13,"Anderson"
2021-08-25,1551,30,"Anderson"
2021-08-26,1575,24,"Anderson"
2021-08-27,1604,29,"Anderson"
2021-08-28,1625,21,"Anderson"
2021-08-29,1648,23,"Anderson"
2021-08-30,1668,20,"Anderson"
2021-08-31,1703,35,"Anderson"
2021-09-01,1710,7,"Anderson"
2021-09-02,1733,23,"Anderson"
2021-09-03,1746,13,"Anderson"
2021-09-04,1778,32,"Anderson"
2021-09-05,1823,45,"Anderson"
2021-09-06,1862,39,"Anderson"
2021-09-07,1871,9,"Anderson"
2021-09-08,1879,8,"Anderson"
2021-09-09,1891,12,"Anderson"
2021-09-10,1930,39,"Anderson"
2021-09-11,1955,25,"Anderson"
2021-09-12,1964,9,"Anderson"
2021-09-13,1978,14,"Anderson"
2021-09-14,1987,9,"Anderson"
2021-09-15,2000,13,"Anderson"
2021-09-16,2017,17,"Anderson"
2021-09-17,2028,11,"Anderson"
2021-09-18,2041,13,"Anderson"
2021-09-19,2047,6,"Anderson"
2021-09-20,2058,11,"Anderson"
2021-09-21,2068,10,"Anderson"
2021-09-22,2082,14,"Anderson"
2021-09-23,2099,17,"Anderson"
2021-09-24,2106,7,"Anderson"
2021-09-25,2106,0,"Anderson"
2021-09-26,2109,3,"Anderson"
2021-09-27,2119,10,"Anderson"
2021-09-28,2133,14,"Anderson"
2021-09-29,2142,9,"Anderson"
2021-09-30,2154,12,"Anderson"
2021-10-01,2166,12,"Anderson"
2021-10-02,2167,1,"Anderson"
2021-10-03,2171,4,"Anderson"
2021-10-04,2177,6,"Anderson"
2021-10-05,2185,8,"Anderson"
2021-10-06,2192,7,"Anderson"
2021-10-07,2194,2,"Anderson"
2021-10-08,2197,3,"Anderson"
2021-10-09,2202,5,"Anderson"
2021-10-10,2203,1,"Anderson"
2021-10-11,2211,8,"Anderson"
2021-10-12,2214,3,"Anderson"
2021-10-13,2221,7,"Anderson"
2021-10-14,2225,4,"Anderson"
2021-10-15,2230,5,"Anderson"
2021-10-16,2230,0,"Anderson"
2021-10-17,2230,0,"Anderson"
2021-10-18,2233,3,"Anderson"
2021-10-19,2239,6,"Anderson"
2021-10-20,2245,6,"Anderson"
2021-10-21,2253,8,"Anderson"
2021-10-22,2257,4,"Anderson"
2021-10-23,2259,2,"Anderson"
2021-10-24,2259,0,"Anderson"
2021-10-25,2262,3,"Anderson"
2021-10-26,2264,2,"Anderson"
2021-10-27,2270,6,"Anderson"
2021-10-28,2272,2,"Anderson"
2021-10-29,2275,3,"Anderson"
2021-10-30,2275,0,"Anderson"
2021-10-31,2275,0,"Anderson"
2021-11-01,2280,5,"Anderson"
2021-11-02,2282,2,"Anderson"
2021-11-03,2289,7,"Anderson"
2021-11-04,2294,5,"Anderson"
2020-03-12,0,0,"East TN"
2020-03-13,0,0,"East TN"
2020-03-14,0,0,"East TN"
2020-03-15,0,0,"East TN"
2020-03-16,0,0,"East TN"
2020-03-17,0,0,"East TN"
2020-03-18,0,0,"East TN"
2020-03-19,0,0,"East TN"
2020-03-20,2,2,"East TN"
2020-03-21,3,1,"East TN"
2020-03-22,3,0,"East TN"
2020-03-23,4,1,"East TN"
2020-03-24,6,2,"East TN"
2020-03-25,6,0,"East TN"
2020-03-26,7,1,"East TN"
2020-03-27,7,0,"East TN"
2020-03-28,7,0,"East TN"
2020-03-29,8,1,"East TN"
2020-03-30,8,0,"East TN"
2020-03-31,9,1,"East TN"
2020-04-01,10,1,"East TN"
2020-04-02,13,3,"East TN"
2020-04-03,13,0,"East TN"
2020-04-04,13,0,"East TN"
2020-04-05,16,3,"East TN"
2020-04-06,16,0,"East TN"
2020-04-07,18,2,"East TN"
2020-04-08,18,0,"East TN"
2020-04-09,19,1,"East TN"
2020-04-10,20,1,"East TN"
2020-04-11,20,0,"East TN"
2020-04-12,20,0,"East TN"
2020-04-13,22,2,"East TN"
2020-04-14,22,0,"East TN"
2020-04-15,24,2,"East TN"
2020-04-16,25,1,"East TN"
2020-04-17,25,0,"East TN"
2020-04-18,28,3,"East TN"
2020-04-19,28,0,"East TN"
2020-04-20,30,2,"East TN"
2020-04-21,31,1,"East TN"
2020-04-22,31,0,"East TN"
2020-04-23,33,2,"East TN"
2020-04-24,36,3,"East TN"
2020-04-25,39,3,"East TN"
2020-04-26,39,0,"East TN"
2020-04-27,40,1,"East TN"
2020-04-28,42,2,"East TN"
2020-04-29,45,3,"East TN"
2020-04-30,48,3,"East TN"
2020-05-01,55,7,"East TN"
2020-05-02,55,0,"East TN"
2020-05-03,60,5,"East TN"
2020-05-04,61,1,"East TN"
2020-05-05,65,4,"East TN"
2020-05-06,72,7,"East TN"
2020-05-07,78,6,"East TN"
2020-05-08,82,4,"East TN"
2020-05-09,82,0,"East TN"
2020-05-10,85,3,"East TN"
2020-05-11,88,3,"East TN"
2020-05-12,96,8,"East TN"
2020-05-13,100,4,"East TN"
2020-05-14,107,7,"East TN"
2020-05-15,108,1,"East TN"
2020-05-16,109,1,"East TN"
2020-05-17,110,1,"East TN"
2020-05-18,115,5,"East TN"
2020-05-19,117,2,"East TN"
2020-05-20,119,2,"East TN"
2020-05-21,135,16,"East TN"
2020-05-22,155,20,"East TN"
2020-05-23,167,12,"East TN"
2020-05-24,172,5,"East TN"
2020-05-25,183,11,"East TN"
2020-05-26,193,10,"East TN"
2020-05-27,200,7,"East TN"
2020-05-28,211,11,"East TN"
2020-05-29,219,8,"East TN"
2020-05-30,230,11,"East TN"
2020-05-31,246,16,"East TN"
2020-06-01,264,18,"East TN"
2020-06-02,285,21,"East TN"
2020-06-03,289,4,"East TN"
2020-06-04,299,10,"East TN"
2020-06-05,315,16,"East TN"
2020-06-06,320,5,"East TN"
2020-06-07,327,7,"East TN"
2020-06-08,344,17,"East TN"
2020-06-09,355,11,"East TN"
2020-06-10,361,6,"East TN"
2020-06-11,402,41,"East TN"
2020-06-12,421,19,"East TN"
2020-06-13,436,15,"East TN"
2020-06-14,456,20,"East TN"
2020-06-15,483,27,"East TN"
2020-06-16,503,20,"East TN"
2020-06-17,530,27,"East TN"
2020-06-18,550,20,"East TN"
2020-06-19,569,19,"East TN"
2020-06-20,580,11,"East TN"
2020-06-21,588,8,"East TN"
2020-06-22,612,24,"East TN"
2020-06-23,643,31,"East TN"
2020-06-24,668,25,"East TN"
2020-06-25,682,14,"East TN"
2020-06-26,710,28,"East TN"
2020-06-27,718,8,"East TN"
2020-06-28,736,18,"East TN"
2020-06-29,770,34,"East TN"
2020-06-30,801,31,"East TN"
2020-07-01,836,35,"East TN"
2020-07-02,887,51,"East TN"
2020-07-03,907,20,"East TN"
2020-07-04,929,22,"East TN"
2020-07-05,963,34,"East TN"
2020-07-06,1000,37,"East TN"
2020-07-07,1045,45,"East TN"
2020-07-08,1089,44,"East TN"
2020-07-09,1136,47,"East TN"
2020-07-10,1183,47,"East TN"
2020-07-11,1209,26,"East TN"
2020-07-12,1271,62,"East TN"
2020-07-13,1307,36,"East TN"
2020-07-14,1356,49,"East TN"
2020-07-15,1391,35,"East TN"
2020-07-16,1486,95,"East TN"
2020-07-17,1551,65,"East TN"
2020-07-18,1601,50,"East TN"
2020-07-19,1651,50,"East TN"
2020-07-20,1694,43,"East TN"
2020-07-21,1825,131,"East TN"
2020-07-22,1880,55,"East TN"
2020-07-23,1955,75,"East TN"
2020-07-24,2015,60,"East TN"
2020-07-25,2138,123,"East TN"
2020-07-26,2210,72,"East TN"
2020-07-27,2290,80,"East TN"
2020-07-28,2383,93,"East TN"
2020-07-29,2419,36,"East TN"
2020-07-30,2549,130,"East TN"
2020-07-31,2621,72,"East TN"
2020-08-01,2692,71,"East TN"
2020-08-02,2764,72,"East TN"
2020-08-03,2835,71,"East TN"
2020-08-04,2897,62,"East TN"
2020-08-05,2943,46,"East TN"
2020-08-06,3064,121,"East TN"
2020-08-07,3134,70,"East TN"
2020-08-08,3202,68,"East TN"
2020-08-09,3274,72,"East TN"
2020-08-10,3330,56,"East TN"
2020-08-11,3406,76,"East TN"
2020-08-12,3458,52,"East TN"
2020-08-13,3571,113,"East TN"
2020-08-14,3618,47,"East TN"
2020-08-15,3705,87,"East TN"
2020-08-16,3777,72,"East TN"
2020-08-17,3806,29,"East TN"
2020-08-18,3884,78,"East TN"
2020-08-19,3935,51,"East TN"
2020-08-20,4050,115,"East TN"
2020-08-21,4084,34,"East TN"
2020-08-22,4195,111,"East TN"
2020-08-23,4232,37,"East TN"
2020-08-24,4256,24,"East TN"
2020-08-25,4334,78,"East TN"
2020-08-26,4394,60,"East TN"
2020-08-27,4500,106,"East TN"
2020-08-28,4546,46,"East TN"
2020-08-29,4603,57,"East TN"
2020-08-30,4638,35,"East TN"
2020-08-31,4700,62,"East TN"
2020-09-01,4784,84,"East TN"
2020-09-02,4859,75,"East TN"
2020-09-03,4939,80,"East TN"
2020-09-04,4984,45,"East TN"
2020-09-05,5136,152,"East TN"
2020-09-06,5197,61,"East TN"
2020-09-07,5224,27,"East TN"
2020-09-08,5270,46,"East TN"
2020-09-09,5323,53,"East TN"
2020-09-10,5423,100,"East TN"
2020-09-11,5466,43,"East TN"
2020-09-12,5530,64,"East TN"
2020-09-13,5589,59,"East TN"
2020-09-14,5644,55,"East TN"
2020-09-15,5721,77,"East TN"
2020-09-16,5764,43,"East TN"
2020-09-17,5852,88,"East TN"
2020-09-18,5921,69,"East TN"
2020-09-19,5990,69,"East TN"
2020-09-20,6035,45,"East TN"
2020-09-21,6059,24,"East TN"
2020-09-22,6117,58,"East TN"
2020-09-23,6161,44,"East TN"
2020-09-24,6220,59,"East TN"
2020-09-25,6280,60,"East TN"
2020-09-26,6377,97,"East TN"
2020-09-27,6429,52,"East TN"
2020-09-28,6456,27,"East TN"
2020-09-29,6499,43,"East TN"
2020-09-30,6564,65,"East TN"
2020-10-01,6611,47,"East TN"
2020-10-02,6665,54,"East TN"
2020-10-03,6711,46,"East TN"
2020-10-04,6759,48,"East TN"
2020-10-05,6833,74,"East TN"
2020-10-06,6897,64,"East TN"
2020-10-07,6967,70,"East TN"
2020-10-08,7043,76,"East TN"
2020-10-09,7109,66,"East TN"
2020-10-10,7198,89,"East TN"
2020-10-11,7293,95,"East TN"
2020-10-12,7328,35,"East TN"
2020-10-13,7372,44,"East TN"
2020-10-14,7480,108,"East TN"
2020-10-15,7535,55,"East TN"
2020-10-16,7598,63,"East TN"
2020-10-17,7675,77,"East TN"
2020-10-18,7784,109,"East TN"
2020-10-19,7878,94,"East TN"
2020-10-20,7960,82,"East TN"
2020-10-21,8036,76,"East TN"
2020-10-22,8178,142,"East TN"
2020-10-23,8316,138,"East TN"
2020-10-24,8467,151,"East TN"
2020-10-25,8586,119,"East TN"
2020-10-26,8647,61,"East TN"
2020-10-27,8739,92,"East TN"
2020-10-28,8856,117,"East TN"
2020-10-29,8978,122,"East TN"
2020-10-30,9072,94,"East TN"
2020-10-31,9073,1,"East TN"
2020-11-01,9141,68,"East TN"
2020-11-02,9259,118,"East TN"
2020-11-03,9418,159,"East TN"
2020-11-04,9529,111,"East TN"
2020-11-05,9602,73,"East TN"
2020-11-06,9714,112,"East TN"
2020-11-07,9878,164,"East TN"
2020-11-08,10086,208,"East TN"
2020-11-09,10163,77,"East TN"
2020-11-10,10270,107,"East TN"
2020-11-11,10434,164,"East TN"
2020-11-12,10523,89,"East TN"
2020-11-13,10722,199,"East TN"
2020-11-14,10900,178,"East TN"
2020-11-15,11173,273,"East TN"
2020-11-16,11383,210,"East TN"
2020-11-17,11536,153,"East TN"
2020-11-18,11691,155,"East TN"
2020-11-19,11842,151,"East TN"
2020-11-20,11992,150,"East TN"
2020-11-21,12141,149,"East TN"
2020-11-22,12356,215,"East TN"
2020-11-23,12478,122,"East TN"
2020-11-24,12610,132,"East TN"
2020-11-25,12726,116,"East TN"
2020-11-26,12908,182,"East TN"
2020-11-27,13145,237,"East TN"
2020-11-28,13347,202,"East TN"
2020-11-29,13649,302,"East TN"
2020-11-30,13918,269,"East TN"
2020-12-01,14218,300,"East TN"
2020-12-02,14333,115,"East TN"
2020-12-03,14544,211,"East TN"
2020-12-04,14767,223,"East TN"
2020-12-05,14877,110,"East TN"
2020-12-06,15065,188,"East TN"
2020-12-07,15417,352,"East TN"
2020-12-08,15751,334,"East TN"
2020-12-09,16150,399,"East TN"
2020-12-10,16589,439,"East TN"
2020-12-11,16819,230,"East TN"
2020-12-12,17185,366,"East TN"
2020-12-13,17781,596,"East TN"
2020-12-14,18175,394,"East TN"
2020-12-15,18705,530,"East TN"
2020-12-16,19084,379,"East TN"
2020-12-17,19654,570,"East TN"
2020-12-18,20104,450,"East TN"
2020-12-19,20423,319,"East TN"
2020-12-20,20853,430,"East TN"
2020-12-21,21140,287,"East TN"
2020-12-22,21401,261,"East TN"
2020-12-23,21624,223,"East TN"
2020-12-24,21828,204,"East TN"
2020-12-25,22093,265,"East TN"
2020-12-26,22288,195,"East TN"
2020-12-27,22413,125,"East TN"
2020-12-28,22522,109,"East TN"
2020-12-29,22786,264,"East TN"
2020-12-30,22980,194,"East TN"
2020-12-31,23411,431,"East TN"
2021-01-01,23588,177,"East TN"
2021-01-02,23823,235,"East TN"
2021-01-03,23971,148,"East TN"
2021-01-04,24123,152,"East TN"
2021-01-05,24406,283,"East TN"
2021-01-06,24683,277,"East TN"
2021-01-07,24990,307,"East TN"
2021-01-08,25258,268,"East TN"
2021-01-09,25594,336,"East TN"
2021-01-10,25789,195,"East TN"
2021-01-11,25960,171,"East TN"
2021-01-12,26159,199,"East TN"
2021-01-13,26309,150,"East TN"
2021-01-14,26627,318,"East TN"
2021-01-15,26753,126,"East TN"
2021-01-16,27058,305,"East TN"
2021-01-17,27136,78,"East TN"
2021-01-18,27199,63,"East TN"
2021-01-19,27390,191,"East TN"
2021-01-20,27491,101,"East TN"
2021-01-21,27695,204,"East TN"
2021-01-22,27832,137,"East TN"
2021-01-23,28024,192,"East TN"
2021-01-24,28092,68,"East TN"
2021-01-25,28212,120,"East TN"
2021-01-26,28343,131,"East TN"
2021-01-27,28475,132,"East TN"
2021-01-28,28706,231,"East TN"
2021-01-29,28782,76,"East TN"
2021-01-30,28946,164,"East TN"
2021-01-31,29025,79,"East TN"
2021-02-01,29116,91,"East TN"
2021-02-02,29207,91,"East TN"
2021-02-03,29356,149,"East TN"
2021-02-04,29496,140,"East TN"
2021-02-05,29602,106,"East TN"
2021-02-06,29782,180,"East TN"
2021-02-07,29861,79,"East TN"
2021-02-08,29957,96,"East TN"
2021-02-09,30130,173,"East TN"
2021-02-10,30256,126,"East TN"
2021-02-11,30387,131,"East TN"
2021-02-12,30523,136,"East TN"
2021-02-13,30611,88,"East TN"
2021-02-14,30668,57,"East TN"
2021-02-15,30711,43,"East TN"
2021-02-16,30839,128,"East TN"
2021-02-17,30958,119,"East TN"
2021-02-18,31087,129,"East TN"
2021-02-19,31173,86,"East TN"
2021-02-20,31273,100,"East TN"
2021-02-21,31322,49,"East TN"
2021-02-22,31392,70,"East TN"
2021-02-23,31508,116,"East TN"
2021-02-24,31637,129,"East TN"
2021-02-25,31747,110,"East TN"
2021-02-26,31841,94,"East TN"
2021-02-27,31896,55,"East TN"
2021-02-28,31945,49,"East TN"
2021-03-01,31983,38,"East TN"
2021-03-02,32060,77,"East TN"
2021-03-03,32119,59,"East TN"
2021-03-04,32225,106,"East TN"
2021-03-05,32305,80,"East TN"
2021-03-06,32381,76,"East TN"
2021-03-07,32415,34,"East TN"
2021-03-08,32488,73,"East TN"
2021-03-09,32589,101,"East TN"
2021-03-10,32695,106,"East TN"
2021-03-11,32778,83,"East TN"
2021-03-12,32853,75,"East TN"
2021-03-13,32943,90,"East TN"
2021-03-14,32982,39,"East TN"
2021-03-15,33037,55,"East TN"
2021-03-16,33147,110,"East TN"
2021-03-17,33236,89,"East TN"
2021-03-18,33334,98,"East TN"
2021-03-19,33484,150,"East TN"
2021-03-20,33537,53,"East TN"
2021-03-21,33572,35,"East TN"
2021-03-22,33661,89,"East TN"
2021-03-23,33750,89,"East TN"
2021-03-24,33853,103,"East TN"
2021-03-25,33934,81,"East TN"
2021-03-26,34010,76,"East TN"
2021-03-27,34051,41,"East TN"
2021-03-28,34105,54,"East TN"
2021-03-29,34181,76,"East TN"
2021-03-30,34240,59,"East TN"
2021-03-31,34356,116,"East TN"
2021-04-01,34424,68,"East TN"
2021-04-02,34473,49,"East TN"
2021-04-03,34512,39,"East TN"
2021-04-04,34532,20,"East TN"
2021-04-05,34600,68,"East TN"
2021-04-06,34676,76,"East TN"
2021-04-07,34790,114,"East TN"
2021-04-08,34874,84,"East TN"
2021-04-09,34964,90,"East TN"
2021-04-10,35010,46,"East TN"
2021-04-11,35054,44,"East TN"
2021-04-12,35126,72,"East TN"
2021-04-13,35185,59,"East TN"
2021-04-14,35302,117,"East TN"
2021-04-15,35399,97,"East TN"
2021-04-16,35538,139,"East TN"
2021-04-17,35561,23,"East TN"
2021-04-18,35589,28,"East TN"
2021-04-19,35648,59,"East TN"
2021-04-20,35708,60,"East TN"
2021-04-21,35800,92,"East TN"
2021-04-22,35937,137,"East TN"
2021-04-23,36014,77,"East TN"
2021-04-24,36074,60,"East TN"
2021-04-25,36102,28,"East TN"
2021-04-26,36175,73,"East TN"
2021-04-27,36263,88,"East TN"
2021-04-28,36388,125,"East TN"
2021-04-29,36476,88,"East TN"
2021-04-30,36552,76,"East TN"
2021-05-01,36591,39,"East TN"
2021-05-02,36621,30,"East TN"
2021-05-03,36650,29,"East TN"
2021-05-04,36705,55,"East TN"
2021-05-05,36816,111,"East TN"
2021-05-06,36869,53,"East TN"
2021-05-07,36940,71,"East TN"
2021-05-08,36965,25,"East TN"
2021-05-09,36990,25,"East TN"
2021-05-10,37039,49,"East TN"
2021-05-11,37102,63,"East TN"
2021-05-12,37157,55,"East TN"
2021-05-13,37184,27,"East TN"
2021-05-14,37225,41,"East TN"
2021-05-15,37240,15,"East TN"
2021-05-16,37254,14,"East TN"
2021-05-17,37282,28,"East TN"
2021-05-18,37318,36,"East TN"
2021-05-19,37353,35,"East TN"
2021-05-20,37386,33,"East TN"
2021-05-21,37412,26,"East TN"
2021-05-22,37421,9,"East TN"
2021-05-23,37432,11,"East TN"
2021-05-24,37453,21,"East TN"
2021-05-25,37474,21,"East TN"
2021-05-26,37493,19,"East TN"
2021-05-27,37508,15,"East TN"
2021-05-28,37525,17,"East TN"
2021-05-29,37531,6,"East TN"
2021-05-30,37535,4,"East TN"
2021-05-31,37546,11,"East TN"
2021-06-01,37562,16,"East TN"
2021-06-02,37573,11,"East TN"
2021-06-03,37581,8,"East TN"
2021-06-04,37600,19,"East TN"
2021-06-05,37604,4,"East TN"
2021-06-06,37608,4,"East TN"
2021-06-07,37615,7,"East TN"
2021-06-08,37627,12,"East TN"
2021-06-09,37631,4,"East TN"
2021-06-10,37639,8,"East TN"
2021-06-11,37643,4,"East TN"
2021-06-12,37646,3,"East TN"
2021-06-13,37649,3,"East TN"
2021-06-14,37657,8,"East TN"
2021-06-15,37665,8,"East TN"
2021-06-16,37674,9,"East TN"
2021-06-17,37678,4,"East TN"
2021-06-18,37685,7,"East TN"
2021-06-19,37687,2,"East TN"
2021-06-20,37691,4,"East TN"
2021-06-21,37702,11,"East TN"
2021-06-22,37717,15,"East TN"
2021-06-23,37724,7,"East TN"
2021-06-24,37737,13,"East TN"
2021-06-25,37757,20,"East TN"
2021-06-26,37758,1,"East TN"
2021-06-27,37762,4,"East TN"
2021-06-28,37768,6,"East TN"
2021-06-29,37779,11,"East TN"
2021-06-30,37794,15,"East TN"
2021-07-01,37829,35,"East TN"
2021-07-02,37838,9,"East TN"
2021-07-03,37846,8,"East TN"
2021-07-04,37850,4,"East TN"
2021-07-05,37857,7,"East TN"
2021-07-06,37891,34,"East TN"
2021-07-07,37920,29,"East TN"
2021-07-08,37956,36,"East TN"
2021-07-09,37984,28,"East TN"
2021-07-10,37997,13,"East TN"
2021-07-11,37998,1,"East TN"
2021-07-12,38021,23,"East TN"
2021-07-13,38052,31,"East TN"
2021-07-14,38071,19,"East TN"
2021-07-15,38093,22,"East TN"
2021-07-16,38125,32,"East TN"
2021-07-17,38148,23,"East TN"
2021-07-18,38168,20,"East TN"
2021-07-19,38209,41,"East TN"
2021-07-20,38248,39,"East TN"
2021-07-21,38300,52,"East TN"
2021-07-22,38374,74,"East TN"
2021-07-23,38448,74,"East TN"
2021-07-24,38487,39,"East TN"
2021-07-25,38508,21,"East TN"
2021-07-26,38593,85,"East TN"
2021-07-27,38705,112,"East TN"
2021-07-28,38825,120,"East TN"
2021-07-29,38906,81,"East TN"
2021-07-30,39048,142,"East TN"
2021-07-31,39133,85,"East TN"
2021-08-01,39204,71,"East TN"
2021-08-02,39320,116,"East TN"
2021-08-03,39543,223,"East TN"
2021-08-04,39728,185,"East TN"
2021-08-05,39910,182,"East TN"
2021-08-06,40122,212,"East TN"
2021-08-07,40245,123,"East TN"
2021-08-08,40360,115,"East TN"
2021-08-09,40630,270,"East TN"
2021-08-10,40923,293,"East TN"
2021-08-11,41290,367,"East TN"
2021-08-12,41632,342,"East TN"
2021-08-13,42043,411,"East TN"
2021-08-14,42388,345,"East TN"
2021-08-15,42638,250,"East TN"
2021-08-16,43035,397,"East TN"
2021-08-17,43562,527,"East TN"
2021-08-18,44241,679,"East TN"
2021-08-19,45040,799,"East TN"
2021-08-20,45795,755,"East TN"
2021-08-21,46654,859,"East TN"
2021-08-22,47063,409,"East TN"
2021-08-23,47714,651,"East TN"
2021-08-24,48474,760,"East TN"
2021-08-25,49286,812,"East TN"
2021-08-26,50156,870,"East TN"
2021-08-27,51151,995,"East TN"
2021-08-28,51912,761,"East TN"
2021-08-29,52625,713,"East TN"
2021-08-30,53642,1017,"East TN"
2021-08-31,54676,1034,"East TN"
2021-09-01,55115,439,"East TN"
2021-09-02,55796,681,"East TN"
2021-09-03,56320,524,"East TN"
2021-09-04,57320,1000,"East TN"
2021-09-05,58543,1223,"East TN"
2021-09-06,59718,1175,"East TN"
2021-09-07,60127,409,"East TN"
2021-09-08,60454,327,"East TN"
2021-09-09,60888,434,"East TN"
2021-09-10,62113,1225,"East TN"
2021-09-11,62989,876,"East TN"
2021-09-12,63250,261,"East TN"
2021-09-13,63738,488,"East TN"
2021-09-14,64325,587,"East TN"
2021-09-15,64679,354,"East TN"
2021-09-16,65244,565,"East TN"
2021-09-17,65758,514,"East TN"
2021-09-18,66013,255,"East TN"
2021-09-19,66135,122,"East TN"
2021-09-20,66508,373,"East TN"
2021-09-21,66889,381,"East TN"
2021-09-22,67199,310,"East TN"
2021-09-23,67665,466,"East TN"
2021-09-24,67969,304,"East TN"
2021-09-25,68094,125,"East TN"
2021-09-26,68239,145,"East TN"
2021-09-27,68513,274,"East TN"
2021-09-28,68780,267,"East TN"
2021-09-29,69138,358,"East TN"
2021-09-30,69390,252,"East TN"
2021-10-01,69655,265,"East TN"
2021-10-02,69762,107,"East TN"
2021-10-03,69847,85,"East TN"
2021-10-04,70069,222,"East TN"
2021-10-05,70325,256,"East TN"
2021-10-06,70530,205,"East TN"
2021-10-07,70747,217,"East TN"
2021-10-08,70952,205,"East TN"
2021-10-09,71033,81,"East TN"
2021-10-10,71066,33,"East TN"
2021-10-11,71270,204,"East TN"
2021-10-12,71419,149,"East TN"
2021-10-13,71547,128,"East TN"
2021-10-14,71677,130,"East TN"
2021-10-15,71775,98,"East TN"
2021-10-16,71806,31,"East TN"
2021-10-17,71836,30,"East TN"
2021-10-18,71968,132,"East TN"
2021-10-19,72085,117,"East TN"
2021-10-20,72194,109,"East TN"
2021-10-21,72288,94,"East TN"
2021-10-22,72385,97,"East TN"
2021-10-23,72422,37,"East TN"
2021-10-24,72441,19,"East TN"
2021-10-25,72497,56,"East TN"
2021-10-26,72571,74,"East TN"
2021-10-27,72693,122,"East TN"
2021-10-28,72759,66,"East TN"
2021-10-29,72847,88,"East TN"
2021-10-30,72884,37,"East TN"
2021-10-31,72907,23,"East TN"
2021-11-01,73006,99,"East TN"
2021-11-02,73097,91,"East TN"
2021-11-03,73211,114,"East TN"
2021-11-04,73288,77,"East TN"
